ID,Area,Zona777,Z_EOD,N_COM,COMUNA,NMacroZONA,MacroZona,N_ZONATS,ZONA_TS
907,1,08437,135,135,30,CERRO NAVIA,2,PONIENTE,2,J
902,1,855166,56,56,31,RENCA,1,NORTE,1,B
906,19,197298,522,522 - 523,29,PUDAHUEL,7,PONIENTE,7,Outside
214,0,321576,137,137,30,CERRO NAVIA,2,PONIENTE,2,J
900,1,592556,837,56,31,RENCA,1,NORTE,1,B
901,0,184118,136,136,30,CERRO NAVIA,2,PONIENTE,2,J
941,5,255396,556,920,32,QUILICURA,1,NORTE,1,B
584,0,853514,625,494,33,PUENTE ALTO,6,SURORIENTE,6,F
437,0,600518,478,478,14,LA FLORIDA,6,SURORIENTE,6,E
436,2,537003,548,912,14,LA FLORIDA,6,SURORIENTE,6,E
770,0,487478,806,915,26,MAIPU,2,PONIENTE,2,I
771,0,389859,807,915,26,MAIPU,2,PONIENTE,2,I
384,9,957529,439,439,34,SAN BERNARDO,5,SUR,5,G
596,0,193161,634,917,26,MAIPU,2,PONIENTE,2,I
457,0,408568,487,487,14,LA FLORIDA,6,SURORIENTE,6,E
441,0,479067,485,485,14,LA FLORIDA,6,SURORIENTE,6,E
585,0,84014,626,477,14,LA FLORIDA,6,SURORIENTE,6,E
544,1,303116,560,924,34,SAN BERNARDO,5,SUR,5,G
545,17,168463,561,925,34,SAN BERNARDO,5,SUR,5,G
820,3,891815,534,534 -535,35,EXTERNA,7,EXTERNA SUR,7,Outside
375,1,313304,388,388,21,EL BOSQUE,5,SUR,5,G
628,0,976741,665,439,34,SAN BERNARDO,5,SUR,5,G
547,2,454808,563,927,34,SAN BERNARDO,5,SUR,5,G
535,1,019862,550,914,26,MAIPU,2,PONIENTE,2,I
534,2,801899,549,913,26,MAIPU,2,PONIENTE,2,I
663,0,768298,700,156,26,MAIPU,2,PONIENTE,2,I
772,0,688444,808,914,26,MAIPU,2,PONIENTE,2,I
898,1,728456,553,917,26,MAIPU,2,PONIENTE,2,I
536,0,718158,551,915,26,MAIPU,2,PONIENTE,2,I
686,0,168471,723,61,31,RENCA,1,NORTE,1,B
854,0,57746,58,58,31,RENCA,1,NORTE,1,B
868,0,3957,57,57,31,RENCA,1,NORTE,1,B
915,1,766529,70,70,32,QUILICURA,1,NORTE,1,B
579,0,321021,620,487,14,LA FLORIDA,6,SURORIENTE,6,E
578,0,363021,619,485,14,LA FLORIDA,6,SURORIENTE,6,E
577,0,214492,618,481,14,LA FLORIDA,6,SURORIENTE,6,E
353,0,166381,389,389,21,EL BOSQUE,5,SUR,5,G
359,0,192573,392,392,21,EL BOSQUE,5,SUR,5,G
360,0,131697,394,394,21,EL BOSQUE,5,SUR,5,G
626,0,145689,663,389,21,EL BOSQUE,5,SUR,5,G
456,0,485126,486,486,14,LA FLORIDA,6,SURORIENTE,6,E
617,0,295429,654,484,14,LA FLORIDA,6,SURORIENTE,6,E
455,0,311564,484,484,14,LA FLORIDA,6,SURORIENTE,6,E
354,0,488121,386,386,21,EL BOSQUE,5,SUR,5,G
766,0,165125,797,393,21,EL BOSQUE,5,SUR,5,G
358,0,138352,395,395,21,EL BOSQUE,5,SUR,5,G
453,0,425301,483,483,14,LA FLORIDA,6,SURORIENTE,6,E
448,0,189001,482,482,14,LA FLORIDA,6,SURORIENTE,6,E
443,0,312516,475,475,14,LA FLORIDA,6,SURORIENTE,6,E
442,0,430134,479,479,14,LA FLORIDA,6,SURORIENTE,6,E
355,0,17379,390,390,21,EL BOSQUE,5,SUR,5,G
357,0,227258,393,393,21,EL BOSQUE,5,SUR,5,G
765,0,099282,802,395,21,EL BOSQUE,5,SUR,5,G
342,0,247505,354,354,18,SAN RAMON,5,SUR,5,G
347,0,131777,399,399,21,EL BOSQUE,5,SUR,5,G
625,0,316306,662,338,17,LA PINTANA,5,SUR,5,G
618,0,264943,655,483,14,LA FLORIDA,6,SURORIENTE,6,E
620,0,18137,657,488,14,LA FLORIDA,6,SURORIENTE,6,E
452,0,193873,337,337,16,LA GRANJA,5,SUR,5,E
526,0,457107,489,489,14,LA FLORIDA,6,SURORIENTE,6,E
446,0,311472,333,333,16,LA GRANJA,5,SUR,5,E
344,0,145614,355,355,18,SAN RAMON,5,SUR,5,G
573,0,259301,614,338,17,LA PINTANA,5,SUR,5,G
356,1,299595,338,338,17,LA PINTANA,5,SUR,5,G
454,0,250078,336,336,16,LA GRANJA,5,SUR,5,E
574,0,279567,615,339,17,LA PINTANA,5,SUR,5,G
705,0,179924,742,336,16,LA GRANJA,5,SUR,5,E
451,0,235699,335,335,16,LA GRANJA,5,SUR,5,E
343,0,292554,356,356,18,SAN RAMON,5,SUR,5,G
340,0,354457,353,353,18,SAN RAMON,5,SUR,5,G
706,0,196176,743,336,16,LA GRANJA,5,SUR,5,E
767,0,241401,803,338,17,LA PINTANA,5,SUR,5,G
341,0,305293,352,352,18,SAN RAMON,5,SUR,5,G
337,0,316242,349,349,18,SAN RAMON,5,SUR,5,G
447,0,161338,334,334,16,LA GRANJA,5,SUR,5,E
619,0,206064,656,339,17,LA PINTANA,5,SUR,5,G
462,1,513643,339,339,17,LA PINTANA,5,SUR,5,G
546,3,291466,562,926,34,SAN BERNARDO,5,SUR,5,G
529,1,296182,558,922,33,PUENTE ALTO,6,SURORIENTE,6,F
818,2,311664,499,499,33,PUENTE ALTO,6,SURORIENTE,6,F
816,0,19544,493,493,33,PUENTE ALTO,6,SURORIENTE,6,F
815,0,477699,746,499,33,PUENTE ALTO,6,SURORIENTE,6,F
469,0,316481,492,492,33,PUENTE ALTO,6,SURORIENTE,6,F
817,0,768902,493,493,33,PUENTE ALTO,6,SURORIENTE,6,F
557,0,629291,519,519,33,PUENTE ALTO,6,SURORIENTE,6,F
530,1,160446,518,518,33,PUENTE ALTO,6,SURORIENTE,6,F
583,0,544664,624,498,33,PUENTE ALTO,6,SURORIENTE,6,F
528,0,329605,520,520,33,PUENTE ALTO,7,SURORIENTE,7,F
543,3,522956,559,923,34,SAN BERNARDO,5,SUR,5,G
533,2,009905,521,521,33,PUENTE ALTO,6,SURORIENTE,6,F
382,2,8861,432,432,34,SAN BERNARDO,5,SUR,5,G
715,0,594873,752,347,17,LA PINTANA,5,SUR,5,G
753,0,154037,786,521,33,PUENTE ALTO,6,SURORIENTE,6,F
369,1,832602,345,345,17,LA PINTANA,5,SUR,5,G
484,0,7099,347,347,17,LA PINTANA,5,SUR,5,G
564,0,203845,606,521,33,PUENTE ALTO,6,SURORIENTE,6,F
368,1,728374,344,344,17,LA PINTANA,5,SUR,5,G
714,0,717988,751,346,17,LA PINTANA,5,SUR,5,G
571,0,324082,612,496,33,PUENTE ALTO,6,SURORIENTE,6,F
483,1,318321,500,500,33,PUENTE ALTO,6,SURORIENTE,6,F
367,0,474067,343,343,17,LA PINTANA,5,SUR,5,G
748,0,386396,785,346,17,LA PINTANA,5,SUR,5,G
463,0,541017,346,346,17,LA PINTANA,5,SUR,5,G
365,0,233301,341,341,17,LA PINTANA,5,SUR,5,G
366,0,406755,342,342,17,LA PINTANA,5,SUR,5,G
461,0,294396,488,488,14,LA FLORIDA,6,SURORIENTE,6,E
569,0,54624,610,496,33,PUENTE ALTO,6,SURORIENTE,6,F
570,0,476117,611,496,33,PUENTE ALTO,6,SURORIENTE,6,F
762,0,178348,799,341,17,LA PINTANA,5,SUR,5,G
364,0,115418,340,340,17,LA PINTANA,5,SUR,5,G
761,0,117572,798,340,17,LA PINTANA,5,SUR,5,G
764,0,149041,801,397,21,EL BOSQUE,5,SUR,5,G
641,0,267383,678,438,34,SAN BERNARDO,5,SUR,5,G
643,0,367114,681,925,34,SAN BERNARDO,5,SUR,5,G
644,0,545868,680,925,34,SAN BERNARDO,5,SUR,5,G
754,0,329326,791,924,34,SAN BERNARDO,5,SUR,5,G
381,0,31941,438,438,34,SAN BERNARDO,5,SUR,5,G
639,0,16811,676,436,34,SAN BERNARDO,5,SUR,5,G
640,0,282952,677,438,34,SAN BERNARDO,5,SUR,5,G
378,0,680155,437,437,34,SAN BERNARDO,5,SUR,5,G
642,0,264428,679,438,34,SAN BERNARDO,5,SUR,5,G
755,0,457678,792,434,34,SAN BERNARDO,5,SUR,5,G
637,0,105072,674,436,34,SAN BERNARDO,5,SUR,5,G
638,0,193247,675,436,34,SAN BERNARDO,5,SUR,5,G
380,0,183159,436,436,34,SAN BERNARDO,5,SUR,5,G
636,0,154937,673,435,34,SAN BERNARDO,5,SUR,5,G
627,0,153501,664,427,34,SAN BERNARDO,5,SUR,5,G
383,0,162465,427,427,34,SAN BERNARDO,5,SUR,5,G
635,0,154492,672,427,34,SAN BERNARDO,5,SUR,5,G
630,0,294949,667,432,34,SAN BERNARDO,5,SUR,5,G
759,0,121045,796,396,21,EL BOSQUE,5,SUR,5,G
758,0,176575,795,398,21,EL BOSQUE,5,SUR,5,G
374,0,190052,391,391,21,EL BOSQUE,5,SUR,5,G
629,0,290883,666,432,34,SAN BERNARDO,5,SUR,5,G
624,0,319169,661,430,34,SAN BERNARDO,5,SUR,5,G
756,0,22224,793,431,34,SAN BERNARDO,5,SUR,5,G
376,0,45413,434,434,34,SAN BERNARDO,5,SUR,5,G
634,0,140934,671,427,34,SAN BERNARDO,5,SUR,5,G
633,0,100767,670,427,34,SAN BERNARDO,5,SUR,5,G
373,0,380042,428,428,34,SAN BERNARDO,5,SUR,5,G
631,0,164938,668,433,34,SAN BERNARDO,5,SUR,5,G
377,0,169704,433,433,34,SAN BERNARDO,5,SUR,5,G
379,0,239176,435,435,34,SAN BERNARDO,5,SUR,5,G
372,0,215574,431,431,34,SAN BERNARDO,5,SUR,5,G
362,0,224554,398,398,21,EL BOSQUE,5,SUR,5,G
757,0,185748,794,429,34,SAN BERNARDO,5,SUR,5,G
361,0,142793,396,396,21,EL BOSQUE,5,SUR,5,G
370,0,316295,430,430,34,SAN BERNARDO,5,SUR,5,G
363,0,179891,397,397,21,EL BOSQUE,5,SUR,5,G
371,0,211358,429,429,34,SAN BERNARDO,5,SUR,5,G
632,0,149565,669,433,34,SAN BERNARDO,5,SUR,5,G
760,0,122158,635,394,21,EL BOSQUE,5,SUR,5,G
763,0,153463,800,397,21,EL BOSQUE,5,SUR,5,G
623,0,158618,660,397,21,EL BOSQUE,5,SUR,5,G
712,0,228211,749,498,33,PUENTE ALTO,6,SURORIENTE,6,F
531,0,415769,517,517,33,PUENTE ALTO,6,SURORIENTE,6,F
750,0,539257,788,521,33,PUENTE ALTO,6,SURORIENTE,6,F
532,0,129636,514,514,33,PUENTE ALTO,6,SURORIENTE,6,F
435,0,284983,490,490,14,LA FLORIDA,6,SURORIENTE,6,E
474,0,136719,516,516,33,PUENTE ALTO,6,SURORIENTE,6,F
471,0,144859,512,512,33,PUENTE ALTO,6,SURORIENTE,6,F
466,0,37274,507,507,33,PUENTE ALTO,6,SURORIENTE,6,F
470,0,198005,513,513,33,PUENTE ALTO,6,SURORIENTE,6,F
482,0,139013,515,515,33,PUENTE ALTO,6,SURORIENTE,6,F
558,0,124574,599,515,33,PUENTE ALTO,6,SURORIENTE,6,F
481,0,154192,508,508,33,PUENTE ALTO,6,SURORIENTE,6,F
563,0,303544,605,521,33,PUENTE ALTO,6,SURORIENTE,6,F
565,0,26814,607,521,33,PUENTE ALTO,6,SURORIENTE,6,F
567,0,249658,608,500,33,PUENTE ALTO,6,SURORIENTE,6,F
560,0,154753,601,500,33,PUENTE ALTO,6,SURORIENTE,6,F
559,0,15006,600,500,33,PUENTE ALTO,6,SURORIENTE,6,F
749,0,180615,787,521,33,PUENTE ALTO,6,SURORIENTE,6,F
566,0,165125,604,521,33,PUENTE ALTO,6,SURORIENTE,6,F
752,0,112781,790,521,33,PUENTE ALTO,6,SURORIENTE,6,F
751,0,129765,789,521,33,PUENTE ALTO,6,SURORIENTE,6,F
581,0,32319,622,492,33,PUENTE ALTO,6,SURORIENTE,6,F
744,0,309549,781,492,33,PUENTE ALTO,6,SURORIENTE,6,F
525,0,209258,491,491,14,LA FLORIDA,6,SURORIENTE,6,E
580,0,281817,621,490,14,LA FLORIDA,6,SURORIENTE,6,E
527,0,401757,495,495,33,PUENTE ALTO,6,SURORIENTE,6,F
745,0,255031,782,492,33,PUENTE ALTO,6,SURORIENTE,6,F
708,0,192547,745,499,33,PUENTE ALTO,6,SURORIENTE,6,F
743,0,268029,780,495,33,PUENTE ALTO,6,SURORIENTE,6,F
459,0,418235,497,497,33,PUENTE ALTO,6,SURORIENTE,6,F
747,0,205868,784,496,33,PUENTE ALTO,6,SURORIENTE,6,F
622,0,294751,659,496,33,PUENTE ALTO,6,SURORIENTE,6,F
572,0,404652,613,496,33,PUENTE ALTO,6,SURORIENTE,6,F
467,0,233867,498,498,33,PUENTE ALTO,6,SURORIENTE,6,F
711,0,187899,748,498,33,PUENTE ALTO,6,SURORIENTE,6,F
710,0,18817,747,498,33,PUENTE ALTO,6,SURORIENTE,6,F
475,0,29158,501,501,33,PUENTE ALTO,6,SURORIENTE,6,F
713,0,204431,750,498,33,PUENTE ALTO,6,SURORIENTE,6,F
468,0,238755,504,504,33,PUENTE ALTO,6,SURORIENTE,6,F
562,0,113563,603,503,33,PUENTE ALTO,6,SURORIENTE,6,F
480,0,121472,509,509,33,PUENTE ALTO,6,SURORIENTE,6,F
477,0,136694,502,502,33,PUENTE ALTO,6,SURORIENTE,6,F
479,0,124682,510,510,33,PUENTE ALTO,6,SURORIENTE,6,F
473,0,085947,511,511,33,PUENTE ALTO,6,SURORIENTE,6,F
478,0,135375,505,505,33,PUENTE ALTO,6,SURORIENTE,6,F
472,0,14411,506,506,33,PUENTE ALTO,6,SURORIENTE,6,F
476,0,175684,503,503,33,PUENTE ALTO,6,SURORIENTE,6,F
746,0,305162,783,496,33,PUENTE ALTO,6,SURORIENTE,6,F
464,0,289455,496,496,33,PUENTE ALTO,6,SURORIENTE,6,F
621,0,419477,658,496,33,PUENTE ALTO,6,SURORIENTE,6,F
561,0,104335,602,502,33,PUENTE ALTO,6,SURORIENTE,6,F
568,0,097102,609,496,33,PUENTE ALTO,6,SURORIENTE,6,F
460,0,679182,494,494,33,PUENTE ALTO,6,SURORIENTE,6,F
876,0,33146,773,68,32,QUILICURA,1,NORTE,1,B
929,0,478777,774,69,32,QUILICURA,1,NORTE,1,B
925,0,233991,779,69,32,QUILICURA,1,NORTE,1,B
927,1,769509,831,921,32,QUILICURA,1,NORTE,1,B
739,0,214349,776,494,33,PUENTE ALTO,6,SURORIENTE,6,F
870,0,07285,555,919,32,QUILICURA,1,NORTE,1,B
940,0,346926,630,920,32,QUILICURA,1,NORTE,1,B
938,0,322266,777,67,32,QUILICURA,1,NORTE,1,B
908,12,083466,528,528- 529,35,EXTERNA,7,EXTERNA PONIENTE,7,J
837,0,523736,36,36,4,HUECHURABA,1,NORTE,1,B
694,0,362747,731,900,4,HUECHURABA,1,NORTE,1,B
840,1,242323,536,900,4,HUECHURABA,1,NORTE,1,B
150,0,27911,11,11,3,CONCHALI,1,NORTE,1,B
838,0,27174,732,36,4,HUECHURABA,1,NORTE,1,B
645,0,279428,682,134,29,PUDAHUEL,2,PONIENTE,2,J
647,0,27785,684,134,29,PUDAHUEL,2,PONIENTE,2,J
646,0,260565,683,134,29,PUDAHUEL,2,PONIENTE,2,J
668,0,262311,705,132,29,PUDAHUEL,2,PONIENTE,2,J
225,0,442556,125,125,29,PUDAHUEL,2,PONIENTE,2,J
669,0,424596,706,125,29,PUDAHUEL,2,PONIENTE,2,J
939,0,287692,628,67,32,QUILICURA,1,NORTE,1,B
773,0,231203,809,917,26,MAIPU,2,PONIENTE,2,I
700,0,173079,738,917,26,MAIPU,2,PONIENTE,2,I
774,0,15384,810,917,26,MAIPU,2,PONIENTE,2,I
889,6,286316,157,157,26,MAIPU,2,PONIENTE,2,I
592,0,428961,0,157,26,MAIPU,2,PONIENTE,2,I
597,0,369023,596,916,26,MAIPU,2,PONIENTE,2,I
703,0,278097,740,172,26,MAIPU,2,PONIENTE,2,I
780,0,258278,816,916,26,MAIPU,2,PONIENTE,2,I
591,0,390392,593,157,26,MAIPU,2,PONIENTE,2,I
701,0,277188,736,917,26,MAIPU,2,PONIENTE,2,I
775,0,190411,811,171,26,MAIPU,2,PONIENTE,2,I
776,0,20645,812,171,26,MAIPU,2,PONIENTE,2,I
699,0,318205,737,917,26,MAIPU,2,PONIENTE,2,I
777,0,118334,813,916,26,MAIPU,2,PONIENTE,2,I
899,0,268523,741,916,26,MAIPU,2,PONIENTE,2,I
598,0,423493,172,916,26,MAIPU,2,PONIENTE,2,I
779,0,213867,815,172,26,MAIPU,2,PONIENTE,2,I
399,0,285885,595,172,26,MAIPU,2,PONIENTE,2,I
396,0,421992,165,165,26,MAIPU,2,PONIENTE,2,I
398,0,302646,166,166,26,MAIPU,2,PONIENTE,2,I
395,0,502192,159,159,26,MAIPU,2,PONIENTE,2,I
403,0,28543,171,171,26,MAIPU,2,PONIENTE,2,I
702,0,261616,739,171,26,MAIPU,2,PONIENTE,2,I
402,0,619106,169,169,26,MAIPU,2,PONIENTE,2,I
400,0,282163,167,167,26,MAIPU,2,PONIENTE,2,I
937,4,674623,734,528- 529,35,EXTERNA,7,EXTERNA PONIENTE,7,J
890,1,729542,733,528- 529,35,EXTERNA,7,EXTERNA PONIENTE,7,J
897,5,848806,552,916,26,MAIPU,2,PONIENTE,2,I
778,0,212701,814,172,26,MAIPU,2,PONIENTE,2,I
933,1,213877,848,68,32,QUILICURA,1,NORTE,1,B
931,4,239738,557,921,32,QUILICURA,1,NORTE,1,B
40,0,982773,542,906,9,LAS CONDES,3,ORIENTE,3,C
509,2,039124,541,905,9,LAS CONDES,3,ORIENTE,3,C
507,1,092678,540,904,9,LAS CONDES,3,ORIENTE,3,C
513,0,441379,543,907,9,LAS CONDES,3,ORIENTE,3,C
516,1,876262,544,908,11,LA REINA,3,ORIENTE,3,D
522,2,787591,547,911,14,LA FLORIDA,6,SURORIENTE,6,D
520,0,405253,545,909,13,PEÑALOLEN,6,SURORIENTE,6,D
75,0,693511,546,910,13,PEÑALOLEN,6,SURORIENTE,6,D
604,0,455323,641,202,8,LO BARNECHEA,3,ORIENTE,3,C
603,1,038925,640,202,8,LO BARNECHEA,3,ORIENTE,3,C
602,1,796004,639,202,8,LO BARNECHEA,3,ORIENTE,3,C
501,1,330289,205,205,8,LO BARNECHEA,3,ORIENTE,3,C
1,0,535025,204,204,8,LO BARNECHEA,3,ORIENTE,3,C
505,0,687863,203,203,8,LO BARNECHEA,3,ORIENTE,3,C
504,1,817592,538,902,8,LO BARNECHEA,3,ORIENTE,3,C
506,0,80277,212,212,9,LAS CONDES,3,ORIENTE,3,C
508,1,405008,220,220,9,LAS CONDES,3,ORIENTE,3,C
607,0,767393,644,212,9,LAS CONDES,3,ORIENTE,3,C
608,0,752981,645,220,9,LAS CONDES,3,ORIENTE,3,C
510,1,13644,230,230,9,LAS CONDES,3,ORIENTE,3,C
727,0,597584,764,456,13,PEÑALOLEN,6,SURORIENTE,6,D
515,1,234995,254,254,11,LA REINA,3,ORIENTE,3,D
514,0,738167,456,456,13,PEÑALOLEN,6,SURORIENTE,6,D
728,0,506614,765,456,13,PEÑALOLEN,6,SURORIENTE,6,D
609,1,344294,646,462,13,PEÑALOLEN,6,SURORIENTE,6,D
605,1,031064,642,202,8,LO BARNECHEA,3,ORIENTE,3,C
101,4,781029,200,200,7,VITACURA,3,ORIENTE,3,C
503,2,253311,202,202,8,LO BARNECHEA,3,ORIENTE,3,C
606,0,968862,643,202,8,LO BARNECHEA,3,ORIENTE,3,C
804,0,570397,840,200,7,VITACURA,3,ORIENTE,3,C
586,1,050714,627,202,8,LO BARNECHEA,3,ORIENTE,3,C
693,1,677484,730,524 - 525,35,EXTERNA,7,EXTERNA NORTE,7,Outside
806,0,086049,842,144,30,CERRO NAVIA,2,PONIENTE,2,J
805,0,066603,841,144,30,CERRO NAVIA,2,PONIENTE,2,J
674,0,113915,711,127,29,PUDAHUEL,2,PONIENTE,2,J
685,0,156031,722,136,30,CERRO NAVIA,2,PONIENTE,2,J
113,0,308701,37,37,5,RECOLETA,1,NORTE,1,B
489,0,298867,33,33,4,HUECHURABA,1,NORTE,1,B
127,0,157981,15,15,3,CONCHALI,1,NORTE,1,B
132,0,119585,14,14,3,CONCHALI,1,NORTE,1,B
116,0,261923,38,38,5,RECOLETA,1,NORTE,1,B
500,1,423047,35,35,4,HUECHURABA,1,NORTE,1,B
491,0,931002,174,174,6,PROVIDENCIA,3,ORIENTE,3,C
109,0,738178,46,46,5,RECOLETA,1,NORTE,1,B
117,0,173693,39,39,5,RECOLETA,1,NORTE,1,B
512,0,759704,229,229,9,LAS CONDES,3,ORIENTE,3,C
22,0,169382,223,223,9,LAS CONDES,3,ORIENTE,3,C
9,0,52145,219,219,9,LAS CONDES,3,ORIENTE,3,C
213,0,088822,144,144,30,CERRO NAVIA,2,PONIENTE,2,J
807,0,073302,843,144,30,CERRO NAVIA,2,PONIENTE,2,J
786,0,065812,822,128,29,PUDAHUEL,2,PONIENTE,2,J
119,0,390217,40,40,5,RECOLETA,1,NORTE,1,B
129,0,22095,25,25,3,CONCHALI,1,NORTE,1,B
126,0,260893,20,20,3,CONCHALI,1,NORTE,1,B
102,0,359344,54,54,5,RECOLETA,1,NORTE,1,B
106,0,314467,52,52,5,RECOLETA,1,NORTE,1,B
107,0,409896,50,50,5,RECOLETA,1,NORTE,1,B
58,0,454926,173,173,6,PROVIDENCIA,3,ORIENTE,3,C
56,0,334975,175,175,6,PROVIDENCIA,3,ORIENTE,3,C
29,0,167681,176,176,6,PROVIDENCIA,3,ORIENTE,3,C
39,0,43803,228,228,9,LAS CONDES,3,ORIENTE,3,C
511,0,611248,253,253,11,LA REINA,3,ORIENTE,3,D
23,0,421089,222,222,9,LAS CONDES,3,ORIENTE,3,C
24,0,504695,217,217,9,LAS CONDES,3,ORIENTE,3,C
38,0,329133,227,227,9,LAS CONDES,3,ORIENTE,3,C
328,0,440406,374,374,20,LA CISTERNA,5,SUR,5,G
321,0,420304,373,373,20,LA CISTERNA,5,SUR,5,G
330,0,783542,412,412,23,LO ESPEJO,5,SUR,5,H
318,0,443624,372,372,20,LA CISTERNA,5,SUR,5,G
335,0,447647,375,375,20,LA CISTERNA,5,SUR,5,G
345,0,285495,380,380,20,LA CISTERNA,5,SUR,5,G
329,0,331157,377,377,20,LA CISTERNA,5,SUR,5,G
212,0,194074,145,145,30,CERRO NAVIA,2,PONIENTE,2,J
210,0,271832,138,138,30,CERRO NAVIA,2,PONIENTE,2,J
808,0,107865,844,145,30,CERRO NAVIA,2,PONIENTE,2,J
683,0,082814,720,141,30,CERRO NAVIA,2,PONIENTE,2,J
787,0,071679,823,146,30,CERRO NAVIA,2,PONIENTE,2,J
684,0,107861,721,142,30,CERRO NAVIA,2,PONIENTE,2,J
115,0,249476,43,43,5,RECOLETA,1,NORTE,1,B
811,0,324947,2,2,2,INDEPENDENCIA,1,NORTE,1,B
128,0,22195,27,27,3,CONCHALI,1,NORTE,1,B
142,0,316881,23,23,3,CONCHALI,1,NORTE,1,B
131,0,260409,19,19,3,CONCHALI,1,NORTE,1,B
114,0,260484,44,44,5,RECOLETA,1,NORTE,1,B
118,0,282429,41,41,5,RECOLETA,1,NORTE,1,B
803,0,170332,839,53,5,RECOLETA,1,NORTE,1,B
105,0,145137,51,51,5,RECOLETA,1,NORTE,1,B
813,0,381491,48,48,5,RECOLETA,1,NORTE,1,B
110,0,304895,49,49,5,RECOLETA,1,NORTE,1,B
103,0,285202,55,55,5,RECOLETA,1,NORTE,1,B
31,0,277954,179,179,6,PROVIDENCIA,3,ORIENTE,3,C
32,0,367982,184,184,6,PROVIDENCIA,3,ORIENTE,3,C
54,0,430986,183,183,6,PROVIDENCIA,3,ORIENTE,3,C
30,0,383014,180,180,6,PROVIDENCIA,3,ORIENTE,3,C
19,0,685634,206,206,9,LAS CONDES,3,ORIENTE,3,C
21,0,433739,207,207,9,LAS CONDES,3,ORIENTE,3,C
26,0,344357,215,215,9,LAS CONDES,3,ORIENTE,3,C
27,0,305473,214,214,9,LAS CONDES,3,ORIENTE,3,C
37,0,314267,226,226,9,LAS CONDES,3,ORIENTE,3,C
36,0,393772,225,225,9,LAS CONDES,3,ORIENTE,3,C
25,0,275644,216,216,9,LAS CONDES,3,ORIENTE,3,C
10,0,356781,218,218,9,LAS CONDES,3,ORIENTE,3,C
346,0,222268,381,381,20,LA CISTERNA,5,SUR,5,G
348,0,105248,383,383,20,LA CISTERNA,5,SUR,5,G
334,0,316616,379,379,20,LA CISTERNA,5,SUR,5,G
336,0,378384,376,376,20,LA CISTERNA,5,SUR,5,G
315,0,540291,367,367,19,SAN MIGUEL,5,SUR,5,H
317,0,261593,371,371,20,LA CISTERNA,5,SUR,5,G
316,0,235487,410,410,23,LO ESPEJO,5,SUR,5,H
314,0,217788,370,370,19,SAN MIGUEL,5,SUR,5,H
322,0,272482,411,411,23,LO ESPEJO,5,SUR,5,H
319,0,088354,357,357,18,SAN RAMON,5,SUR,5,G
202,0,279361,143,143,30,CERRO NAVIA,2,PONIENTE,2,J
209,0,119194,142,142,30,CERRO NAVIA,2,PONIENTE,2,J
203,0,150758,147,147,30,CERRO NAVIA,2,PONIENTE,2,J
788,0,124663,824,147,30,CERRO NAVIA,2,PONIENTE,2,J
691,0,224556,728,48,5,RECOLETA,1,NORTE,1,B
111,0,163617,45,45,5,RECOLETA,1,NORTE,1,B
797,0,118671,833,45,5,RECOLETA,1,NORTE,1,B
108,0,1754,47,47,5,RECOLETA,1,NORTE,1,B
104,0,207165,53,53,5,RECOLETA,1,NORTE,1,B
121,0,146109,8,8,2,INDEPENDENCIA,1,NORTE,1,B
814,0,405456,4,4,2,INDEPENDENCIA,1,NORTE,1,B
98,0,111734,307,307,1,SANTIAGO,4,CENTRO,4,A
92,0,080378,309,309,1,SANTIAGO,4,CENTRO,4,A
802,0,139811,838,8,2,INDEPENDENCIA,1,NORTE,1,B
99,0,133276,276,276,1,SANTIAGO,4,CENTRO,4,A
28,0,283005,221,221,9,LAS CONDES,3,ORIENTE,3,C
35,0,343347,224,224,9,LAS CONDES,3,ORIENTE,3,C
44,0,535598,251,251,11,LA REINA,3,ORIENTE,3,D
34,0,392597,186,186,6,PROVIDENCIA,3,ORIENTE,3,C
33,0,271348,185,185,6,PROVIDENCIA,3,ORIENTE,3,C
312,0,302913,366,366,19,SAN MIGUEL,5,SUR,5,H
313,0,107019,369,369,19,SAN MIGUEL,5,SUR,5,H
421,0,205213,318,318,15,SAN JOAQUIN,5,SUR,5,H
197,0,181499,99,99,27,QUINTA NORMAL,2,PONIENTE,2,J
201,0,173092,140,140,30,CERRO NAVIA,2,PONIENTE,2,J
180,0,09355,91,91,27,QUINTA NORMAL,2,PONIENTE,2,J
179,0,160335,92,92,27,QUINTA NORMAL,2,PONIENTE,2,J
198,0,249632,105,105,27,QUINTA NORMAL,2,PONIENTE,2,J
208,0,217726,139,139,30,CERRO NAVIA,2,PONIENTE,2,J
181,0,355791,61,61,31,RENCA,1,NORTE,1,B
687,0,185482,724,62,31,RENCA,1,NORTE,1,B
200,0,154108,107,107,27,QUINTA NORMAL,2,PONIENTE,2,J
196,0,311344,100,100,27,QUINTA NORMAL,2,PONIENTE,2,J
178,0,107592,93,93,27,QUINTA NORMAL,2,PONIENTE,2,J
190,0,273136,101,101,27,QUINTA NORMAL,2,PONIENTE,2,J
176,0,17948,95,95,27,QUINTA NORMAL,2,PONIENTE,2,J
175,0,170568,96,96,27,QUINTA NORMAL,2,PONIENTE,2,J
177,0,142339,94,94,27,QUINTA NORMAL,2,PONIENTE,2,J
189,0,172381,102,102,27,QUINTA NORMAL,2,PONIENTE,2,J
174,0,189946,97,97,27,QUINTA NORMAL,2,PONIENTE,2,J
156,0,368403,66,66,31,RENCA,1,NORTE,1,B
689,0,347594,726,65,31,RENCA,1,NORTE,1,B
137,0,351685,65,65,31,RENCA,1,NORTE,1,B
173,0,191348,98,98,27,QUINTA NORMAL,2,PONIENTE,2,J
155,0,374861,64,64,31,RENCA,1,NORTE,1,B
157,0,627151,59,59,31,RENCA,1,NORTE,1,B
122,0,182284,7,7,2,INDEPENDENCIA,1,NORTE,1,B
97,0,129557,285,285,1,SANTIAGO,4,CENTRO,4,A
94,0,1308,286,286,1,SANTIAGO,4,CENTRO,4,A
252,0,180707,284,284,1,SANTIAGO,4,CENTRO,4,A
93,0,072931,267,267,1,SANTIAGO,4,CENTRO,4,A
89,0,127727,268,268,1,SANTIAGO,4,CENTRO,4,A
141,0,113296,308,308,1,SANTIAGO,4,CENTRO,4,A
299,0,463798,364,364,19,SAN MIGUEL,5,SUR,5,H
420,0,116531,323,323,15,SAN JOAQUIN,5,SUR,5,H
418,0,47486,316,316,15,SAN JOAQUIN,5,SUR,5,H
138,0,332507,6,6,2,INDEPENDENCIA,1,NORTE,1,B
140,0,296783,5,5,2,INDEPENDENCIA,1,NORTE,1,B
139,0,354492,3,3,2,INDEPENDENCIA,1,NORTE,1,B
161,0,217683,264,264,1,SANTIAGO,4,CENTRO,4,A
153,0,222009,1,1,2,INDEPENDENCIA,1,NORTE,1,B
690,0,290926,727,2,2,INDEPENDENCIA,1,NORTE,1,B
154,0,086445,265,265,1,SANTIAGO,4,CENTRO,4,A
169,0,125196,263,263,1,SANTIAGO,4,CENTRO,4,A
123,0,133343,9,9,2,INDEPENDENCIA,1,NORTE,1,B
96,0,120362,287,287,1,SANTIAGO,4,CENTRO,4,A
95,0,265941,288,288,1,SANTIAGO,4,CENTRO,4,A
255,0,129971,291,291,1,SANTIAGO,4,CENTRO,4,A
91,0,135289,289,289,1,SANTIAGO,4,CENTRO,4,A
253,0,268288,292,292,1,SANTIAGO,4,CENTRO,4,A
256,0,165595,290,290,1,SANTIAGO,4,CENTRO,4,A
264,0,548762,295,295,1,SANTIAGO,4,CENTRO,4,A
251,0,140232,283,283,1,SANTIAGO,4,CENTRO,4,A
298,0,175577,362,362,19,SAN MIGUEL,5,SUR,5,H
419,0,146866,322,322,15,SAN JOAQUIN,5,SUR,5,H
288,0,241768,313,313,15,SAN JOAQUIN,5,SUR,5,H
291,0,289587,360,360,19,SAN MIGUEL,5,SUR,5,H
292,0,216053,359,359,19,SAN MIGUEL,5,SUR,5,H
283,0,295011,358,358,19,SAN MIGUEL,5,SUR,5,H
297,0,170914,361,361,19,SAN MIGUEL,5,SUR,5,H
293,0,083274,413,413,22,PEDRO AGUIRRE CERDA,5,SUR,5,H
282,0,260699,401,401,22,PEDRO AGUIRRE CERDA,5,SUR,5,H
281,0,16746,414,414,22,PEDRO AGUIRRE CERDA,5,SUR,5,H
284,0,274271,368,368,19,SAN MIGUEL,5,SUR,5,H
262,0,203881,304,304,1,SANTIAGO,4,CENTRO,4,A
263,0,185554,303,303,1,SANTIAGO,4,CENTRO,4,A
260,0,249389,297,297,1,SANTIAGO,4,CENTRO,4,A
385,0,635414,156,156,26,MAIPU,2,PONIENTE,2,I
768,0,168108,804,424,23,LO ESPEJO,5,SUR,5,H
331,0,213416,425,425,23,LO ESPEJO,5,SUR,5,H
590,0,461183,594,157,26,MAIPU,2,PONIENTE,2,I
664,0,57298,701,156,26,MAIPU,2,PONIENTE,2,I
325,0,33708,421,421,23,LO ESPEJO,5,SUR,5,H
326,0,213075,422,422,23,LO ESPEJO,5,SUR,5,H
327,0,166908,423,423,23,LO ESPEJO,5,SUR,5,H
332,0,188009,424,424,23,LO ESPEJO,5,SUR,5,H
662,0,365927,699,156,26,MAIPU,2,PONIENTE,2,I
392,0,226658,162,162,26,MAIPU,2,PONIENTE,2,I
393,0,219724,161,161,26,MAIPU,2,PONIENTE,2,I
394,0,225713,160,160,26,MAIPU,2,PONIENTE,2,I
781,0,16487,817,152,25,CERRILLOS,2,PONIENTE,2,I
666,0,303628,703,134,29,PUDAHUEL,2,PONIENTE,2,J
667,0,353933,704,134,29,PUDAHUEL,2,PONIENTE,2,J
134,0,482412,71,71,24,ESTACION CENTRAL,2,PONIENTE,2,I
143,0,366522,134,134,29,PUDAHUEL,2,PONIENTE,2,J
648,0,251761,685,134,29,PUDAHUEL,2,PONIENTE,2,J
651,0,156704,688,157,26,MAIPU,2,PONIENTE,2,I
304,1,284422,151,151,25,CERRILLOS,2,PONIENTE,2,I
324,0,228374,419,419,23,LO ESPEJO,5,SUR,5,H
306,0,272479,418,418,22,PEDRO AGUIRRE CERDA,5,SUR,5,H
323,0,172011,420,420,23,LO ESPEJO,5,SUR,5,H
661,0,137313,698,154,25,CERRILLOS,2,PONIENTE,2,I
386,0,220113,154,154,25,CERRILLOS,2,PONIENTE,2,I
277,1,040623,149,149,25,CERRILLOS,2,PONIENTE,2,I
658,0,320892,695,152,25,CERRILLOS,2,PONIENTE,2,I
659,0,240595,696,152,25,CERRILLOS,2,PONIENTE,2,I
784,0,123661,820,164,26,MAIPU,2,PONIENTE,2,I
390,0,181157,164,164,26,MAIPU,2,PONIENTE,2,I
240,0,625435,72,72,24,ESTACION CENTRAL,2,PONIENTE,2,I
276,0,403139,158,158,26,MAIPU,2,PONIENTE,2,I
653,0,155296,690,158,26,MAIPU,2,PONIENTE,2,I
652,0,127569,689,157,26,MAIPU,2,PONIENTE,2,I
594,0,178889,632,157,26,MAIPU,2,PONIENTE,2,I
234,0,29766,123,123,28,LO PRADO,2,PONIENTE,2,J
235,0,255289,73,73,24,ESTACION CENTRAL,2,PONIENTE,2,I
303,0,366084,416,416,22,PEDRO AGUIRRE CERDA,5,SUR,5,H
302,0,248009,404,404,22,PEDRO AGUIRRE CERDA,5,SUR,5,H
307,0,189255,407,407,22,PEDRO AGUIRRE CERDA,5,SUR,5,H
310,0,174146,409,409,22,PEDRO AGUIRRE CERDA,5,SUR,5,H
278,0,469371,150,150,25,CERRILLOS,2,PONIENTE,2,I
271,0,243869,90,90,24,ESTACION CENTRAL,2,PONIENTE,2,I
269,0,456224,89,89,24,ESTACION CENTRAL,2,PONIENTE,2,I
273,0,467964,86,86,24,ESTACION CENTRAL,2,PONIENTE,2,I
656,0,31781,693,152,25,CERRILLOS,2,PONIENTE,2,I
274,0,261249,85,85,24,ESTACION CENTRAL,2,PONIENTE,2,I
241,0,254208,117,117,28,LO PRADO,2,PONIENTE,2,J
232,0,222809,120,120,28,LO PRADO,2,PONIENTE,2,J
229,0,181048,119,119,28,LO PRADO,2,PONIENTE,2,J
237,0,084825,74,74,24,ESTACION CENTRAL,2,PONIENTE,2,I
236,0,086864,124,124,28,LO PRADO,2,PONIENTE,2,J
233,0,072875,122,122,28,LO PRADO,2,PONIENTE,2,J
230,0,18372,121,121,28,LO PRADO,2,PONIENTE,2,J
239,0,120793,77,77,24,ESTACION CENTRAL,2,PONIENTE,2,I
309,0,147697,408,408,22,PEDRO AGUIRRE CERDA,5,SUR,5,H
294,0,322016,403,403,22,PEDRO AGUIRRE CERDA,5,SUR,5,H
301,0,246994,405,405,22,PEDRO AGUIRRE CERDA,5,SUR,5,H
308,0,205705,406,406,22,PEDRO AGUIRRE CERDA,5,SUR,5,H
675,0,094442,712,115,28,LO PRADO,2,PONIENTE,2,J
206,0,091601,116,116,28,LO PRADO,2,PONIENTE,2,J
195,0,149787,109,109,27,QUINTA NORMAL,2,PONIENTE,2,J
194,0,22644,111,111,27,QUINTA NORMAL,2,PONIENTE,2,J
205,0,152067,115,115,28,LO PRADO,2,PONIENTE,2,J
204,0,147389,148,148,30,CERRO NAVIA,2,PONIENTE,2,J
296,0,125554,415,415,22,PEDRO AGUIRRE CERDA,5,SUR,5,H
300,0,318764,363,363,19,SAN MIGUEL,5,SUR,5,H
311,0,303681,365,365,19,SAN MIGUEL,5,SUR,5,H
199,0,23306,108,108,27,QUINTA NORMAL,2,PONIENTE,2,J
192,0,31555,110,110,27,QUINTA NORMAL,2,PONIENTE,2,J
186,0,368777,104,104,27,QUINTA NORMAL,2,PONIENTE,2,J
193,0,302292,112,112,27,QUINTA NORMAL,2,PONIENTE,2,J
280,0,26596,400,400,22,PEDRO AGUIRRE CERDA,5,SUR,5,H
401,0,445418,170,170,26,MAIPU,2,PONIENTE,2,I
660,0,116699,697,154,25,CERRILLOS,2,PONIENTE,2,I
389,0,228741,155,155,25,CERRILLOS,2,PONIENTE,2,I
391,0,259417,163,163,26,MAIPU,2,PONIENTE,2,I
783,0,194599,819,161,26,MAIPU,2,PONIENTE,2,I
397,0,456931,168,168,26,MAIPU,2,PONIENTE,2,I
782,0,203865,818,160,26,MAIPU,2,PONIENTE,2,I
698,0,193814,735,914,26,MAIPU,2,PONIENTE,2,I
657,0,241097,694,152,25,CERRILLOS,2,PONIENTE,2,I
655,0,1597,692,152,25,CERRILLOS,2,PONIENTE,2,I
387,0,327431,153,153,25,CERRILLOS,2,PONIENTE,2,I
388,0,324244,152,152,25,CERRILLOS,2,PONIENTE,2,I
649,0,275088,686,157,26,MAIPU,2,PONIENTE,2,I
595,0,20887,633,157,26,MAIPU,2,PONIENTE,2,I
223,0,205039,126,126,29,PUDAHUEL,2,PONIENTE,2,J
593,0,251871,631,157,26,MAIPU,2,PONIENTE,2,I
650,0,14295,687,157,26,MAIPU,2,PONIENTE,2,I
791,0,112044,827,133,29,PUDAHUEL,2,PONIENTE,2,J
790,0,149187,826,132,29,PUDAHUEL,2,PONIENTE,2,J
226,0,193047,132,132,29,PUDAHUEL,2,PONIENTE,2,J
679,0,119927,716,121,28,LO PRADO,2,PONIENTE,2,J
792,0,242838,828,134,29,PUDAHUEL,2,PONIENTE,2,J
227,0,195521,133,133,29,PUDAHUEL,2,PONIENTE,2,J
222,0,298205,130,130,29,PUDAHUEL,2,PONIENTE,2,J
224,0,138579,129,129,29,PUDAHUEL,2,PONIENTE,2,J
789,0,081686,825,125,29,PUDAHUEL,2,PONIENTE,2,J
219,0,085337,128,128,29,PUDAHUEL,2,PONIENTE,2,J
220,0,147432,131,131,29,PUDAHUEL,2,PONIENTE,2,J
680,0,105569,717,118,28,LO PRADO,2,PONIENTE,2,J
228,0,156417,118,118,28,LO PRADO,2,PONIENTE,2,J
670,0,168077,707,125,29,PUDAHUEL,2,PONIENTE,2,J
785,0,139656,821,125,29,PUDAHUEL,2,PONIENTE,2,J
672,0,249317,709,125,29,PUDAHUEL,2,PONIENTE,2,J
673,0,117229,710,129,29,PUDAHUEL,2,PONIENTE,2,J
671,0,097948,708,125,29,PUDAHUEL,2,PONIENTE,2,J
221,0,153917,127,127,29,PUDAHUEL,2,PONIENTE,2,J
665,0,364154,702,158,26,MAIPU,2,PONIENTE,2,I
654,0,175051,691,149,25,CERRILLOS,2,PONIENTE,2,I
217,0,098716,146,146,30,CERRO NAVIA,2,PONIENTE,2,J
207,0,145038,114,114,28,LO PRADO,2,PONIENTE,2,J
678,0,063434,715,114,28,LO PRADO,2,PONIENTE,2,J
218,0,131278,113,113,28,LO PRADO,2,PONIENTE,2,J
677,0,058875,714,114,28,LO PRADO,2,PONIENTE,2,J
676,0,084885,713,114,28,LO PRADO,2,PONIENTE,2,J
350,0,093281,384,384,21,EL BOSQUE,5,SUR,5,G
351,0,206358,387,387,21,EL BOSQUE,5,SUR,5,G
349,0,024472,382,382,20,LA CISTERNA,5,SUR,5,G
352,0,256421,847,385,21,EL BOSQUE,5,SUR,5,G
333,0,192655,378,378,20,LA CISTERNA,5,SUR,5,G
769,0,109281,805,425,23,LO ESPEJO,5,SUR,5,H
305,0,241079,417,417,22,PEDRO AGUIRRE CERDA,5,SUR,5,H
231,0,22944,79,79,24,ESTACION CENTRAL,2,PONIENTE,2,I
242,0,208416,81,81,24,ESTACION CENTRAL,2,PONIENTE,2,I
295,0,104426,402,402,22,PEDRO AGUIRRE CERDA,5,SUR,5,H
279,0,135449,426,426,34,SAN BERNARDO,5,SUR,5,H
247,0,27033,84,84,24,ESTACION CENTRAL,2,PONIENTE,2,I
266,0,228229,293,293,1,SANTIAGO,4,CENTRO,4,A
267,0,255072,301,301,1,SANTIAGO,4,CENTRO,4,A
243,0,134894,80,80,24,ESTACION CENTRAL,2,PONIENTE,2,I
245,0,255018,82,82,24,ESTACION CENTRAL,2,PONIENTE,2,I
270,0,248512,88,88,24,ESTACION CENTRAL,2,PONIENTE,2,I
244,0,220203,78,78,24,ESTACION CENTRAL,2,PONIENTE,2,I
248,0,194896,280,280,1,SANTIAGO,4,CENTRO,4,A
249,0,313444,281,281,1,SANTIAGO,4,CENTRO,4,A
265,0,42066,294,294,1,SANTIAGO,4,CENTRO,4,A
187,0,342606,76,76,24,ESTACION CENTRAL,2,PONIENTE,2,I
246,0,214011,83,83,24,ESTACION CENTRAL,2,PONIENTE,2,I
168,0,121522,272,272,1,SANTIAGO,4,CENTRO,4,A
167,0,146891,277,277,1,SANTIAGO,4,CENTRO,4,A
688,0,30123,725,104,27,QUINTA NORMAL,2,PONIENTE,2,J
188,0,125028,103,103,27,QUINTA NORMAL,2,PONIENTE,2,J
172,0,089163,262,262,1,SANTIAGO,4,CENTRO,4,A
268,0,101306,302,302,1,SANTIAGO,4,CENTRO,4,A
160,0,137878,275,275,1,SANTIAGO,4,CENTRO,4,A
250,0,277433,282,282,1,SANTIAGO,4,CENTRO,4,A
171,0,126773,269,269,1,SANTIAGO,4,CENTRO,4,A
170,0,127329,270,270,1,SANTIAGO,4,CENTRO,4,A
162,0,142052,271,271,1,SANTIAGO,4,CENTRO,4,A
166,0,127077,273,273,1,SANTIAGO,4,CENTRO,4,A
272,0,166503,87,87,24,ESTACION CENTRAL,2,PONIENTE,2,I
238,0,233226,75,75,24,ESTACION CENTRAL,2,PONIENTE,2,I
191,0,165109,106,106,27,QUINTA NORMAL,2,PONIENTE,2,J
261,0,308449,296,296,1,SANTIAGO,4,CENTRO,4,A
100,0,110762,266,266,1,SANTIAGO,4,CENTRO,4,A
163,0,150704,274,274,1,SANTIAGO,4,CENTRO,4,A
164,0,136845,279,279,1,SANTIAGO,4,CENTRO,4,A
165,0,125567,278,278,1,SANTIAGO,4,CENTRO,4,A
917,0,36775,829,69,32,QUILICURA,1,NORTE,1,B
924,0,335162,772,68,32,QUILICURA,1,NORTE,1,B
934,0,408712,771,68,32,QUILICURA,1,NORTE,1,B
921,0,196952,832,901,4,HUECHURABA,1,NORTE,1,B
498,0,209234,537,901,4,HUECHURABA,1,NORTE,1,B
149,0,352008,10,10,3,CONCHALI,1,NORTE,1,B
799,0,184204,835,60,31,RENCA,1,NORTE,1,B
682,0,211269,719,60,31,RENCA,1,NORTE,1,B
681,0,161426,718,60,31,RENCA,1,NORTE,1,B
184,0,228348,60,60,31,RENCA,1,NORTE,1,B
211,0,132428,141,141,30,CERRO NAVIA,2,PONIENTE,2,J
809,0,078391,845,141,30,CERRO NAVIA,2,PONIENTE,2,J
810,0,064563,846,141,30,CERRO NAVIA,2,PONIENTE,2,J
800,0,085037,836,61,31,RENCA,1,NORTE,1,B
135,0,214116,12,12,3,CONCHALI,1,NORTE,1,B
133,0,218201,13,13,3,CONCHALI,1,NORTE,1,B
148,0,200145,16,16,3,CONCHALI,1,NORTE,1,B
916,1,083822,830,70,32,QUILICURA,1,NORTE,1,B
136,0,231439,18,18,3,CONCHALI,1,NORTE,1,B
798,0,59508,834,59,31,RENCA,1,NORTE,1,B
158,0,1865,63,63,31,RENCA,1,NORTE,1,B
147,0,332053,17,17,3,CONCHALI,1,NORTE,1,B
145,0,207001,22,22,3,CONCHALI,1,NORTE,1,B
130,0,147017,24,24,3,CONCHALI,1,NORTE,1,B
159,0,19837,62,62,31,RENCA,1,NORTE,1,B
152,0,156465,28,28,3,CONCHALI,1,NORTE,1,B
144,0,126461,26,26,3,CONCHALI,1,NORTE,1,B
146,0,172057,21,21,3,CONCHALI,1,NORTE,1,B
615,0,369822,652,477,14,LA FLORIDA,6,SURORIENTE,6,E
729,0,532763,766,462,13,PEÑALOLEN,6,SURORIENTE,6,D
521,1,654419,462,462,13,PEÑALOLEN,6,SURORIENTE,6,D
730,0,587706,767,462,13,PEÑALOLEN,6,SURORIENTE,6,D
610,1,356058,647,462,13,PEÑALOLEN,6,SURORIENTE,6,D
726,0,192975,763,455,13,PEÑALOLEN,6,SURORIENTE,6,D
518,1,001806,461,461,13,PEÑALOLEN,6,SURORIENTE,6,D
611,0,36524,648,461,13,PEÑALOLEN,6,SURORIENTE,6,D
440,0,329559,481,481,14,LA FLORIDA,6,SURORIENTE,6,E
434,0,23022,473,473,14,LA FLORIDA,6,SURORIENTE,6,E
524,0,5352,477,477,14,LA FLORIDA,6,SURORIENTE,6,E
523,0,58886,474,474,14,LA FLORIDA,6,SURORIENTE,6,E
616,0,495234,653,478,14,LA FLORIDA,6,SURORIENTE,6,E
80,0,261346,443,443,12,MACUL,6,SURORIENTE,6,D
78,0,147487,460,460,13,PEÑALOLEN,6,SURORIENTE,6,D
517,0,311952,459,459,13,PEÑALOLEN,6,SURORIENTE,6,D
81,0,350285,444,444,12,MACUL,6,SURORIENTE,6,D
411,0,569698,463,463,13,PEÑALOLEN,6,SURORIENTE,6,D
612,0,318334,649,463,13,PEÑALOLEN,6,SURORIENTE,6,D
410,0,413928,447,447,12,MACUL,6,SURORIENTE,6,D
414,0,371786,465,465,13,PEÑALOLEN,6,SURORIENTE,6,D
412,0,340383,466,466,13,PEÑALOLEN,6,SURORIENTE,6,D
432,0,540256,471,471,14,LA FLORIDA,6,SURORIENTE,6,E
433,0,355616,472,472,14,LA FLORIDA,6,SURORIENTE,6,E
575,0,254439,616,476,14,LA FLORIDA,6,SURORIENTE,6,E
614,0,18032,651,477,14,LA FLORIDA,6,SURORIENTE,6,E
439,0,206299,480,480,14,LA FLORIDA,6,SURORIENTE,6,E
41,0,280593,252,252,11,LA REINA,3,ORIENTE,3,D
719,0,243266,756,226,9,LAS CONDES,3,ORIENTE,3,C
79,0,181152,247,247,10,ÑUÑOA,3,ORIENTE,3,D
68,0,353343,241,241,10,ÑUÑOA,3,ORIENTE,3,D
73,0,306251,453,453,13,PEÑALOLEN,6,SURORIENTE,6,D
409,0,549915,446,446,12,MACUL,6,SURORIENTE,6,D
732,0,23959,769,444,12,MACUL,6,SURORIENTE,6,D
69,0,265901,442,442,12,MACUL,6,SURORIENTE,6,D
413,0,164785,464,464,13,PEÑALOLEN,6,SURORIENTE,6,D
431,0,513151,470,470,14,LA FLORIDA,6,SURORIENTE,6,E
430,0,200052,469,469,14,LA FLORIDA,6,SURORIENTE,6,E
415,0,375642,451,451,12,MACUL,6,SURORIENTE,6,D
46,0,394091,187,187,6,PROVIDENCIA,3,ORIENTE,3,C
45,0,284065,250,250,10,ÑUÑOA,3,ORIENTE,3,D
42,0,293628,256,256,11,LA REINA,3,ORIENTE,3,D
43,0,241086,255,255,11,LA REINA,3,ORIENTE,3,D
722,0,241775,759,256,11,LA REINA,3,ORIENTE,3,D
50,0,208198,233,233,10,ÑUÑOA,3,ORIENTE,3,D
47,0,506492,234,234,10,ÑUÑOA,3,ORIENTE,3,D
52,0,453192,232,232,10,ÑUÑOA,3,ORIENTE,3,D
49,0,342378,236,236,10,ÑUÑOA,3,ORIENTE,3,D
48,0,219355,257,257,11,LA REINA,3,ORIENTE,3,D
721,0,191509,758,257,11,LA REINA,3,ORIENTE,3,D
71,0,231914,259,259,11,LA REINA,3,ORIENTE,3,D
70,0,343583,258,258,11,LA REINA,3,ORIENTE,3,D
74,0,297649,454,454,13,PEÑALOLEN,6,SURORIENTE,6,D
519,0,292497,457,457,13,PEÑALOLEN,6,SURORIENTE,6,D
63,0,523378,240,240,10,ÑUÑOA,3,ORIENTE,3,D
66,0,407306,246,246,10,ÑUÑOA,3,ORIENTE,3,D
407,0,336392,445,445,12,MACUL,6,SURORIENTE,6,D
82,0,368527,441,441,12,MACUL,6,SURORIENTE,6,D
65,0,333507,245,245,10,ÑUÑOA,3,ORIENTE,3,D
405,0,260166,448,448,12,MACUL,6,SURORIENTE,6,D
408,0,196343,449,449,12,MACUL,6,SURORIENTE,6,D
85,0,605181,440,440,12,MACUL,6,SURORIENTE,6,D
84,0,26315,248,248,10,ÑUÑOA,3,ORIENTE,3,D
287,0,249001,314,314,15,SAN JOAQUIN,5,SUR,5,H
286,0,269977,311,311,15,SAN JOAQUIN,5,SUR,5,H
733,0,258273,770,311,15,SAN JOAQUIN,5,SUR,5,H
404,0,227291,315,315,15,SAN JOAQUIN,5,SUR,5,H
417,0,345782,317,317,15,SAN JOAQUIN,5,SUR,5,H
424,0,294734,319,319,15,SAN JOAQUIN,5,SUR,5,H
289,0,202495,312,312,15,SAN JOAQUIN,5,SUR,5,H
285,0,326447,310,310,15,SAN JOAQUIN,5,SUR,5,H
259,0,266037,305,305,1,SANTIAGO,4,CENTRO,4,A
290,0,143026,321,321,15,SAN JOAQUIN,5,SUR,5,H
320,0,192282,348,348,18,SAN RAMON,5,SUR,5,G
416,0,529239,450,450,12,MACUL,6,SURORIENTE,6,D
429,0,360505,468,468,14,LA FLORIDA,6,SURORIENTE,6,E
428,0,41668,467,467,14,LA FLORIDA,6,SURORIENTE,6,E
438,0,322871,476,476,14,LA FLORIDA,6,SURORIENTE,6,E
576,0,128487,617,480,14,LA FLORIDA,6,SURORIENTE,6,E
444,0,562239,329,329,16,LA GRANJA,5,SUR,5,E
427,0,394121,327,327,16,LA GRANJA,5,SUR,5,G
445,0,32123,328,328,16,LA GRANJA,5,SUR,5,E
338,0,29416,350,350,18,SAN RAMON,5,SUR,5,G
339,0,163339,351,351,18,SAN RAMON,5,SUR,5,G
406,0,222989,452,452,12,MACUL,6,SURORIENTE,6,D
425,0,11118,324,324,15,SAN JOAQUIN,5,SUR,5,H
426,0,211862,326,326,16,LA GRANJA,5,SUR,5,E
423,0,086432,325,325,16,LA GRANJA,5,SUR,5,E
422,0,224301,320,320,15,SAN JOAQUIN,5,SUR,5,H
549,0,244332,332,332,16,LA GRANJA,5,SUR,5,E
548,0,1961,330,330,16,LA GRANJA,5,SUR,5,E
551,0,133347,331,331,16,LA GRANJA,5,SUR,5,E
707,0,202871,744,336,16,LA GRANJA,5,SUR,5,E
57,0,409521,178,178,6,PROVIDENCIA,3,ORIENTE,3,C
59,0,165018,177,177,6,PROVIDENCIA,3,ORIENTE,3,C
55,0,360869,182,182,6,PROVIDENCIA,3,ORIENTE,3,C
60,0,198285,181,181,6,PROVIDENCIA,3,ORIENTE,3,C
90,0,095283,306,306,1,SANTIAGO,4,CENTRO,4,A
53,0,543838,231,231,10,ÑUÑOA,3,ORIENTE,3,D
62,0,458212,238,238,10,ÑUÑOA,3,ORIENTE,3,D
64,0,292774,239,239,10,ÑUÑOA,3,ORIENTE,3,D
61,0,241511,237,237,10,ÑUÑOA,3,ORIENTE,3,D
257,0,384603,299,299,1,SANTIAGO,4,CENTRO,4,A
254,0,216707,298,298,1,SANTIAGO,4,CENTRO,4,A
86,0,151658,249,249,10,ÑUÑOA,3,ORIENTE,3,D
88,0,159973,243,243,10,ÑUÑOA,3,ORIENTE,3,D
87,0,113365,244,244,10,ÑUÑOA,3,ORIENTE,3,D
258,0,164119,300,300,1,SANTIAGO,4,CENTRO,4,A
720,0,138405,757,235,10,ÑUÑOA,3,ORIENTE,3,D
51,0,332595,235,235,10,ÑUÑOA,3,ORIENTE,3,D
613,0,168768,650,474,14,LA FLORIDA,6,SURORIENTE,6,E
83,0,250168,261,261,11,LA REINA,3,ORIENTE,3,D
723,0,347204,760,261,11,LA REINA,3,ORIENTE,3,D
77,0,524979,455,455,13,PEÑALOLEN,6,SURORIENTE,6,D
724,0,347153,761,261,11,LA REINA,3,ORIENTE,3,D
717,0,363693,754,253,11,LA REINA,3,ORIENTE,3,D
72,0,350873,260,260,11,LA REINA,3,ORIENTE,3,D
725,0,17943,762,261,11,LA REINA,3,ORIENTE,3,D
731,0,113689,768,260,11,LA REINA,3,ORIENTE,3,D
67,0,255458,242,242,10,ÑUÑOA,3,ORIENTE,3,D
76,0,179319,458,458,13,PEÑALOLEN,6,SURORIENTE,6,D
718,0,218484,755,225,9,LAS CONDES,3,ORIENTE,3,C
716,0,226854,753,253,11,LA REINA,3,ORIENTE,3,D
15,0,421754,190,190,7,VITACURA,3,ORIENTE,3,C
17,0,6119,189,189,7,VITACURA,3,ORIENTE,3,C
18,0,364306,188,188,7,VITACURA,3,ORIENTE,3,C
14,0,604738,191,191,7,VITACURA,3,ORIENTE,3,C
13,0,400716,192,192,7,VITACURA,3,ORIENTE,3,C
16,0,386693,195,195,7,VITACURA,3,ORIENTE,3,C
20,0,50038,208,208,9,LAS CONDES,3,ORIENTE,3,C
8,0,283585,196,196,7,VITACURA,3,ORIENTE,3,C
11,0,354901,213,213,9,LAS CONDES,3,ORIENTE,3,C
12,0,659007,193,193,7,VITACURA,3,ORIENTE,3,C
4,0,272454,210,210,9,LAS CONDES,3,ORIENTE,3,C
487,0,271127,32,32,4,HUECHURABA,1,NORTE,1,B
692,0,172064,729,32,4,HUECHURABA,1,NORTE,1,B
490,0,215179,31,31,4,HUECHURABA,1,NORTE,1,B
485,0,213401,30,30,4,HUECHURABA,1,NORTE,1,B
488,0,9387,34,34,4,HUECHURABA,1,NORTE,1,B
112,0,195734,42,42,5,RECOLETA,1,NORTE,1,B
486,0,18712,29,29,4,HUECHURABA,1,NORTE,1,B
499,0,443222,194,194,7,VITACURA,3,ORIENTE,3,C
3,0,331402,211,211,9,LAS CONDES,3,ORIENTE,3,C
492,0,371911,198,198,7,VITACURA,3,ORIENTE,3,C
2,0,296064,199,199,7,VITACURA,3,ORIENTE,3,C
5,0,21854,197,197,7,VITACURA,3,ORIENTE,3,C
6,0,198285,201,201,7,VITACURA,3,ORIENTE,3,C
7,0,263462,209,209,9,LAS CONDES,3,ORIENTE,3,C
738,0,067305,775,230,9,LAS CONDES,3,ORIENTE,3,C
601,0,911464,638,202,8,LO BARNECHEA,3,ORIENTE,3,C
600,0,325342,637,203,8,LO BARNECHEA,3,ORIENTE,3,C
599,0,217164,636,203,8,LO BARNECHEA,3,ORIENTE,3,C
866,0,406456,69,69,32,QUILICURA,1,NORTE,1,B
875,0,365939,68,68,32,QUILICURA,1,NORTE,1,B
869,0,360463,67,67,32,QUILICURA,1,NORTE,1,B
872,0,053082,554,918,32,QUILICURA,1,NORTE,1,B
873,0,307305,629,67,32,QUILICURA,1,NORTE,1,B
874,0,166181,778,67,32,QUILICURA,1,NORTE,1,B
